,precision,recall,f1-score,support
Decision,0.8815389807627405,0.9585321100917431,0.9184247538677919,2725.0
Directive,0.6877551020408164,0.9492957746478873,0.7976331360946746,355.0
Regulation,0.9922480620155039,0.9297297297297298,0.9599720938344816,5920.0
accuracy,0.9392222222222222,0.9392222222222222,0.9392222222222222,0.9392222222222222
macro avg,0.8538473816063537,0.9458525381564534,0.8920099945989827,9000.0
weighted avg,0.9467172567705266,0.9392222222222222,0.9409891125670526,9000.0
