,precision,recall,f1-score,support
Decision,0.9988998899889989,0.9996330275229358,0.9992663242846662,2725.0
Directive,0.9943661971830986,0.9943661971830986,0.9943661971830986,355.0
Regulation,1.0,0.9996621621621622,0.9998310525426592,5920.0
accuracy,0.9994444444444445,0.9994444444444445,0.9994444444444445,0.9994444444444445
macro avg,0.9977553623906991,0.9978871289560655,0.9978211913368081,9000.0
weighted avg,0.9994446889133358,0.9994444444444445,0.9994445071920286,9000.0
